{'id': '!abcd6d61', 'nombre_largo': 'Manuel'}
{'id': '!ae609ce8', 'nombre_largo': 'XIAO-Client'}
{'id': '!2ae93dc9', 'nombre_largo': 'T-1000'}
{'id': '!abcd6d61', 'nombre_largo': 'Manuel'}
{'id': '!ae609ce8', 'nombre_largo': 'XIAO-Client'}
{'id': '!2ae93dc9', 'nombre_largo': 'T-1000'}
{'id': '!65dcea48', 'nombre_largo': 'SeeedRepeater'}
{'id': '!ae609ce8', 'nombre_largo': 'XIAO-Client'}
{'id': '!ae609ce8', 'nombre_largo': 'XIAO-Client'}
{'id': '!ae609ce8', 'nombre_largo': 'XIAO-Client'}
{'id': '!ae609ce8', 'nombre_largo': 'XIAO-Client'}
{'id': '!ae609ce8', 'nombre_largo': 'XIAO-Client'}
{'id': '!ae609ce8', 'nombre_largo': 'XIAO-Client'}
{'id': '!2ae93dc9', 'nombre_largo': 'T-1000'}
{'id': '!bc868731', 'nombre_largo': 'WioTracker-001'}
{'id': '!ae609ce8', 'nombre_largo': 'XIAO-Client'}
{'id': '!ae609ce8', 'nombre_largo': 'XIAO-Client'}
{'id': '!ae609ce8', 'nombre_largo': 'XIAO-Client'}
{'id': '!ae609ce8', 'nombre_largo': 'XIAO-Client'}
{'id': '!abcda8a1', 'nombre_largo': 'Alejandro'}
{'id': '!ae609ce8', 'nombre_largo': 'XIAO-Client'}
{'id': '!abcd22a0', 'nombre_largo': 'Aitor_PC5f30'}
{'id': '!abcdab70', 'nombre_largo': 'Christian'}
{'id': '!abcda8a1', 'nombre_largo': 'Alejandro'}
{'id': '!abcd3456', 'nombre_largo': 'Dario'}
{'id': '!abcd3456', 'nombre_largo': 'Dario'}
{'id': '!abcd9296', 'nombre_largo': 'Isabel'}
{'id': '!abcd9296', 'nombre_largo': 'Isabel'}
{'id': '!abcda8a1', 'nombre_largo': 'Alejandro'}
{'id': '!abcd9296', 'nombre_largo': 'Isabel'}
{'id': '!abcda8a1', 'nombre_largo': 'Alejandro'}
{'id': '!abcda8a1', 'nombre_largo': 'Alejandro'}
{'id': '!abcda8a1', 'nombre_largo': 'Alejandro'}
{'id': '!abcda8a1', 'nombre_largo': 'Alejandro'}
{'id': '!abcda8a1', 'nombre_largo': 'Alejandro'}
{'id': '!abcda8a1', 'nombre_largo': 'Alejandro'}
{'id': '!abcda8a1', 'nombre_largo': 'Alejandro'}
{'id': '2ae93dc8', 'nombre_largo': 'PC_Client'}
{'id': '2ae93dc8', 'nombre_largo': 'PC_Client'}
{'id': '2ae93dc8', 'nombre_largo': 'PC_Client'}
{'id': '!abcda8a1', 'nombre_largo': 'Alejandro'}
{'id': '!abcda8a1', 'nombre_largo': 'Alejandro'}
{'id': '!abcda8a1', 'nombre_largo': 'Alejandro'}
{'id': '!abcda8a1', 'nombre_largo': 'Alejandro'}
{'id': '2ae93dc8', 'nombre_largo': 'PC_Client'}
{'id': '!25e8baa0', 'nombre_largo': 'ECG-BMD101'}
{'id': '!abcd9296', 'nombre_largo': 'Isabel'}
{'id': '2ae93dc8', 'nombre_largo': 'PC_Client'}
{'id': '2ae93dc8', 'nombre_largo': 'PC_Client'}
{'id': '!65dcea48', 'nombre_largo': 'SeeedRepeater'}
{'id': '!25e8baa0', 'nombre_largo': 'ECG-BMD101'}
{'id': '!25e8baa0', 'nombre_largo': 'ECG-BMD101'}
{'id': '!abcda8a1', 'nombre_largo': 'Alejandro'}
{'id': '!abcda8a1', 'nombre_largo': 'Alejandro'}
{'id': '!abcda8a1', 'nombre_largo': 'Alejandro'}
{'id': '!abcda8a1', 'nombre_largo': 'Alejandro'}
{'id': '2ae93dc8', 'nombre_largo': 'PC_Client'}
{'id': '2ae93dc8', 'nombre_largo': 'PC_Client'}
{'id': '2ae93dc8', 'nombre_largo': 'PC_Client'}
{'id': '2ae93dc8', 'nombre_largo': 'PC_Client'}
{'id': '2ae93dc8', 'nombre_largo': 'PC_Client'}
{'id': '!2ae93dc9', 'nombre_largo': 'T-1000'}
{'id': '!abcda8a1', 'nombre_largo': 'Alejandro'}
